﻿Key,Id,English(en)
"about_internal_strings",1,"This string table collection stores text that was hard-coded in FALL.EXE and text unique to Daggerfall Unity."
"pleaseSelectYourHomeProvince",2,"Please select your home province..."
"saveGame",3,"Save Game"
"loadGame",4,"Load Game"
"thingJustDied",5,"%s just died."
"gameSaved",6,"Game saved."
"gameLoaded",7,"Game loaded."
"thisHouseHasNothingOfValue",8,"This house has nothing of value."
"findLocationPrompt",9,"Enter name of place : "
"rightHandEquipped",10,"Right hand equipped."
"leftHandEquipped",11,"Left hand equipped."
"usingRightHand",12,"Using weapon in right hand."
"usingLeftHand",13,"Using weapon in left hand."
"itemHasBroken",14,"%s has broken."
"itemHasBrokenPlural",15,"%s have broken."
"cannotCarryGold",16,"You cannot carry that much gold."
"cannotFloat",17,"You are carrying too much to stay afloat."
"youHaveNoArrows",18,"You have no arrows."
"oldSaveNoTrade",19,"Old indoor save loaded, trade window will not work please exit and re-enter building."
"theBodyHasNoTreasure",20,"The body has no treasure."
"youAreTooFarAway",21,"You are too far away..."
"youSeeAn",22,"You see an %s."
"youSeeA",23,"You see a %s."
"youSeeADeadPerson",24,"You see a dead person."
"youSeeADead",25,"You see a dead %s."
"youCollectArrows",26,"You pluck your arrows out of the corpse."
"loiterHowManyHours",27,"Loiter how many hours : "
"restHowManyHours",28,"Rest how many hours : "
"potionRecipeFor",29,"Recipe for Potion of %po"
"potionOf",30,"Potion of %po"
"letterPrefix",31,"Letter: "
"multipleAssignments",32,"You have multiple assignments..."
"youAreEntering",33,"You are entering %s"
"storeClosed",34,"Store is closed. Open from %d1:00 to %d2:00."
"guildClosed",35,"Guild is closed. Open from %d1:00 to %d2:00."
"any",36,"Any %s"
"arkayDesc",37,"God of Birth and Death"
"zenDesc",38,"God of Work and Commerce"
"maraDesc",39,"Goddess of Love"
"akatoshDesc",40,"God of Time"
"julianosDesc",41,"God of Logic"
"dibellaDesc",42,"Goddess of Beauty"
"stendarDesc",43,"God of Mercy"
"kynarethDesc",44,"Goddess of Air"
"interactionIsNowInMode",45,"Interaction is now in %s mode."
"steal",46,"steal"
"grab",47,"grab"
"info",48,"info"
"dialogue",49,"dialogue"
"residence",50,"Residence"
"youSee",51,"You see %s."
"theNamedResidence",52,"The %s Residence"
"playerResidence",53,"%s's house"
"materialIneffective",54,"The material of the weapon you are using is ineffective."
"successfulBackstab",55,"Successful backstab!"
"languagePacified",56,"Pacified %e using %s skill."
"lockpickingSuccess",57,"The lock clicks open."
"lockpickingFailure",58,"It does not unlock."
"magicLock",59,"This is a magically held lock..."
"lockpickChance1",60,"This lock has nothing to fear from you..."
"lockpickChance2",61,"It'd be a miracle if you picked this lock..."
"lockpickChance3",62,"This lock looks to be beyond your skills..."
"buildingNames",63,"Temple of Akatosh
Temple of Arkay
Temple of Dibella
Temple of Julianos
Temple of Kynareth
Temple of Mara
Temple of Stendarr
Temple of Zen
Order of the Raven
Knights of the Dragon
Knights of the Owl
Order of the Candle
Knights of the Flame
Host of the Horn
Knights of the Rose
Knights of the Wheel
Order of the Scarab
Knights of the Hawk
Mages Guild
Fighters Guild
Tavern
Library
Weapon Smith
Armorer
Alchemist
Bank
Bookstore
Clothing store
Gem store
Pawn shop"
"lockpickChance",64,"You doubt your ability to open this lock...
This lock looks difficult...
You would be challenged by this lock...
This lock would prove a good challenge...
You think you should be able to pick this lock...
This lock seems relatively easy...
You are amused by this lock...
You laugh at the amateur quality of this lock...
You see a pathetic excuse for a lock...
This lock is an insult to your abilities..."
"youPinchedGoldPiece",65,"You pinched 1 gold piece."
"youPinchedGoldPieces",66,"You pinched %d gold pieces."
"youAreNotSuccessful",67,"You are not successful..."
"daysUntilFreedom",68,"%d days until freedom."
"skillImprove",69,"Your %s skill has improved."
"mustDistributeBonusPoints",70,"You must distribute all bonus points."
"enterNewName",71,"Enter new name : "
"affiliation",72,"Affiliation"
"rank",73,"Rank"
"serviceQuests",74,"Get Quest"
"serviceSell",75,"Sell"
"serviceBanking",76,"Banking"
"serviceIdentify",77,"Identify"
"serviceBuySpells",78,"Buy Spells"
"serviceTraining",79,"Training"
"serviceTeleport",80,"Teleportation"
"serviceMakeSpells",81,"Make Spells"
"serviceBuyMagicItems",82,"Buy Magic Items"
"serviceSellMagicItems",83,"Sell Magic Items"
"serviceDaedraSummon",84,"Daedra Summoning"
"serviceMakeMagicItems",85,"Make Magic Items"
"serviceRepairs",86,"Repairs"
"serviceDonate",87,"Make Donation"
"serviceCure",88,"Cure Disease"
"serviceSpymaster",89,"Spymaster"
"serviceMakePotions",90,"Make Potions"
"serviceBuyPotions",91,"Buy Potions"
"serviceBuySoulgems",92,"Buy Soulgems"
"serviceReceiveArmor",93,"Receive Armor"
"serviceReceiveHouse",94,"Receive House"
"serviceReceiveHouseAlready",95,"You have already received your house."
"accessMembersOnly",96,"You need to be a member of sufficient rank to access this."
"serviceCured",97,"You are cured."
"serviceSummonCost1",98,"%pcn, the cost for me to attempt a"
"serviceSummonCost2",99,"summoning of %dae is "
"serviceSummonCost3",100," gold."
"roomFreeForKnightSuchAsYou",101,"The room is free for a knight such as you."
"roomFreeDueToHeartsDay",102,"Room is free due to Heart's Day."
"youAreNotHungry",103,"You are not hungry."
"exhaustedInWater",104,"Fatigue overcomes you and sends you to a watery grave...."
"youFeelSomewhatBad",105,"You feel somewhat bad."
"avoidDeath",106,"By the mercy of Stendarr, you survive certain death!"
"pronounHe",107,"he"
"pronounShe",108,"she"
"pronounHim",109,"him"
"pronounHer",110,"her"
"pronounHis",111,"his"
"pronounHers",112,"hers"
"pronounHimself",113,"himself"
"pronounHerself",114,"herself"
"city",115,"city"
"village",116,"village"
"hamlet",117,"hamlet"
"farm",118,"farm"
"shack",119,"shack"
"manor",120,"manor"
"community",121,"community"
"shrine",122,"shrine"
"King",123,"King"
"Queen",124,"Queen"
"Duke",125,"Duke"
"Duchess",126,"Duchess"
"Marquis",127,"Marquis"
"Marquise",128,"Marquise"
"Count",129,"Count"
"Countess",130,"Countess"
"Baron",131,"Baron"
"Baroness",132,"Baroness"
"Lord",133,"Lord"
"Lady",134,"Lady"
"revered",135,"revered"
"esteemed",136,"esteemed"
"honored",137,"honored"
"admired",138,"admired"
"respected",139,"respected"
"dependable",140,"dependable"
"aCommonCitizen",141,"a common citizen"
"hated",142,"hated"
"pondScum",143,"pond scum"
"aVillain",144,"a villain"
"aCriminal",145,"a criminal"
"aScoundrel",146,"a scoundrel"
"undependable",147,"undependable"
"unknown",148,"unknown"
"Broken",149,"Broken"
"Useless",150,"Useless"
"Battered",151,"Battered"
"Worn",152,"Worn"
"Used",153,"Used"
"SlightlyUsed",154,"Slightly Used"
"AlmostNew",155,"Almost New"
"New",156,"New"
"Nothing",157,"Nothing"
"local",158,"local"
"tavern",159,"tavern"
"Attempted_Breaking_And_Entering",160,"Attempted Breaking and Entering"
"Trespassing",161,"Trespassing"
"Breaking_And_Entering",162,"Breaking and Entering"
"Assault",163,"Assault"
"Murder",164,"Murder"
"Tax_Evasion",165,"Tax Evasion"
"Criminal_Conspiracy",166,"Criminal Conspiracy"
"Vagrancy",167,"Vagrancy"
"Smuggling",168,"Smuggling"
"Piracy",169,"Piracy"
"High_Treason",170,"High Treason"
"Pickpocketing",171,"Pickpocketing"
"Theft",172,"Theft"
"Treason",173,"Treason"
"Loan_Default",174,"Loan Default"
"Regular_Punishment_String",175,"%gtp gold pieces in fines and %dip days in prison"
"Banishment",176,"Banishment"
"Execution",177,"Execution"
"cannotChangeTransportationIndoors",178,"You cannot change transportation indoors."
"cannotTravelWithEnemiesNearby",179,"You cannot travel with enemies nearby."
"cannotTravelIndoors",180,"You cannot travel while indoors."
"powersUnknown",181,"Powers unknown."
"itemPowers",182,"Cast when used:
Cast when held:
Cast when strikes:
Extra spell pts
Potent vs
Regens health
Vampiric effect
Increased weight allowance
Repairs objects
Absorbs spells
Enhances skill
Feather weight
Strengthens armor
Improves talents
Good rep with
Soul bound
Item deteriorates
User takes damage
Vision problems
Walking problems
Low damage vs
Health leech
Bad reactions from
Extra weight
Weakens armor
Bad rep with"
"enemyNames",183,"Rat
Imp
Spriggan
Giant Bat
Grizzly Bear
Sabretooth Tiger
Spider
Orc
Centaur
Werewolf
Nymph
Slaughterfish
Orc Sergeant
Harpy
Wereboar
Skeletal Warrior
Giant
Zombie
Ghost
Mummy
Giant Scorpion
Orc Shaman
Gargoyle
Wraith
Orc Warlord
Frost Daedra
Fire Daedra
Daedroth
Vampire
Daedra Seducer
Ancient Vampire
Daedra Lord
Lich
Ancient Lich
Dragonling
Fire Atronach
Iron Atronach
Flesh Atronach
Ice Atronach
Horse
Dragonling
Dreugh
Lamia
Mage
Spellsword
Battlemage
Sorcerer
Healer
Nightblade
Bard
Burglar
Rogue
Acrobat
Thief
Assassin
Monk
Archer
Ranger
Barbarian
Warrior
Knight
City Watch"
"extraSpellPtsTimes",184,"during Winter
during Spring
during Summer
during Fall
during Full Moon
during Half Moon
during New Moon
near undead
near daedra
near humanoids
near animals"
"regensHealthTimes",185,"all the time
in sunlight
in darkness"
"vampiricEffectRanges",186,"at range
when strikes"
"increasedWeightAllowances",187,"25% additional
50% additional"
"improvedTalents",188,"hearing
athleticism
adrenaline rush"
"itemDeteriorateLocations",189,"all the time
in sunlight
in holy places"
"userTakesDamageLocations",190,"in sunlight
in holy places"
"enemyGroupNames",191,"undead
Daedra
humanoids
animals"
"healthLeechStopConditions",192,"whenever used
unless used daily
unless used weekly"
"badReactionFromEnemyGroups",193,"humanoids
animals
Daedra"
"repWithGroups",194,"Commoners
Merchants
Scholars
Nobility
Underworld
All"
"youReceiveGoldPieces",195,"You receive %s gold pieces."
"bankPurchasePrice",196,"Price : %s gold"
"youHaveRentedRoom",197,"You have a room at %s for %d hours."
"haveNotRentedRoom",198,"You have not rented a room here."
"expiredRentedRoom",199,"Your time for this room has expired."
"tavernAle",200,"Ale (1 gold)"
"tavernBeer",201,"Beer (1 gold)"
"tavernMead",202,"Mead (2 gold)"
"tavernWine",203,"Wine (3 gold)"
"tavernBread",204,"Bread (1 gold)"
"tavernBroth",205,"Broth (1 gold)"
"tavernCheese",206,"Cheese (2 gold)"
"tavernFowl",207,"Fowl (3 gold)"
"tavernGruel",208,"Gruel (2 gold)"
"tavernPie",209,"Pie (2 gold)"
"tavernStew",210,"Stew (3 gold)"
"pressButtonToFireSpell",211,"Press button to fire spell."
"climbingMode",212,"Climbing mode."
"rappelMode",213,"Rappel mode."
"hangingMode",214,"Hanging Mode"
"acuteHearing",215,"Acute Hearing"
"adrenalineRush",216,"Adrenaline Rush"
"athleticism",217,"Athleticism"
"bonusToHit",218,"Bonus to hit"
"expertiseIn",219,"Expertise in"
"immunity",220,"Immunity"
"increasedMagery",221,"Increased Magery"
"rapidHealing",222,"Rapid Healing"
"regenerateHealth",223,"Regenerate Health"
"resistance",224,"Resistance"
"spellAbsorption",225,"Spell Absorption"
"animals",226,"Animals"
"daedra",227,"Daedra"
"humanoid",228,"Humanoid"
"undead",229,"Undead"
"axe",230,"Axe"
"bluntWeapon",231,"Blunt Weapon"
"handToHand",232,"Hand-to-Hand"
"longBlade",233,"Long Blade"
"missileWeapon",234,"Missile Weapon"
"shortBlade",235,"Short Blade"
"toDisease",236,"To Disease"
"toFire",237,"To Fire"
"toFrost",238,"To Frost"
"toMagic",239,"To Magic"
"toParalysis",240,"To Paralysis"
"toPoison",241,"To Poison"
"toShock",242,"To Shock"
"intInSpellPoints15",243,"1.5X INT In Spell Points"
"intInSpellPoints175",244,"1.75X INT In Spell Points"
"intInSpellPoints2",245,"2X INT In Spell Points"
"intInSpellPoints3",246,"3X INT In Spell Points"
"intInSpellPoints",247,"INT In Spell Points"
"general",248,"General"
"inDarkness",249,"In Darkness"
"inLight",250,"In Light"
"whileImmersed",251,"While Immersed In Water"
"criticalWeakness",252,"Critical Weakness"
"damage",253,"Damage"
"darknessPoweredMagery",254,"Darkness-Powered Magery"
"forbiddenArmorType",255,"Forbidden Armor Type"
"forbiddenMaterial",256,"Forbidden Material"
"forbiddenShieldTypes",257,"Forbidden Shield Types"
"forbiddenWeaponry",258,"Forbidden Weaponry"
"inabilityToRegen",259,"Inability To Regen Spell Points"
"lightPoweredMagery",260,"Light-Powered Magery"
"lowTolerance",261,"Low Tolerance"
"phobia",262,"Phobia"
"fromHolyPlaces",263,"From Holy Places"
"fromSunlight",264,"From Sunlight"
"lowerMagicAbilityDaylight",265,"Lower Magic Ability In Daylight"
"unableToUseMagicInDaylight",266,"Unable To Use Magic In Daylight"
"chain",267,"Chain"
"leather",268,"Leather"
"plate",269,"Plate"
"adamantium",270,"Adamantium"
"daedric",271,"Daedric"
"dwarven",272,"Dwarven"
"ebony",273,"Ebony"
"elven",274,"Elven"
"iron",275,"Iron"
"mithril",276,"Mithril"
"orcish",277,"Orcish"
"silver",278,"Silver"
"steel",279,"Steel"
"buckler",280,"Buckler"
"kiteShield",281,"Kite Shield"
"roundShield",282,"Round Shield"
"towerShield",283,"Tower Shield"
"lowerMagicAbilityDarkness",284,"Lower Magic Ability In Darkness"
"unableToUseMagicInDarkness",285,"Unable To Use Magic In Darkness"
"helpAttributes",286,"Attributes"
"helpClassName",287,"Class Name"
"helpGeneral",288,"General"
"helpReputations",289,"Reputations"
"helpSkillAdvancement",290,"Skill Advancement"
"helpSkills",291,"Skills"
"helpSpecialAdvantages",292,"Special Advantages"
"helpSpecialDisadvantages",293,"Special Disadvantages"
"lower",294,"Lower"
"higher",295,"Higher"
"unchanged",296,"Unchanged"
"elsweyr",297,"Elsweyr"
"blackMarsh",298,"Black Marsh"
"hammerfell",299,"Hammerfell"
"highRock",300,"High Rock"
"morrowind",301,"Morrowind"
"skyrim",302,"Skyrim"
"sumurset",303,"Sumurset"
"valenwood",304,"Valenwood"
"rollingHills",305,"rolling hills"
"desertLand",306,"desertland"
"mountains",307,"mountains"
"swamps",308,"swamps"
"forests",309,"forests"
"shores",310,"shores"
"medical",311,"Medical"
"etiquette",312,"Etiquette"
"streetwise",313,"Streetwise"
"jumping",314,"Jumping"
"harpy",315,"Harpy"
"giantish",316,"Giantish"
"dragonish",317,"Dragonish"
"nymph",318,"Nymph"
"aedric",319,"Daedric"
"spriggan",320,"Spriggan"
"centaurian",321,"Centaurian"
"impish",322,"Impish"
"lockpicking",323,"Lockpicking"
"mercantile",324,"Mercantile"
"pickpocket",325,"Pickpocket"
"stealth",326,"Stealth"
"swimming",327,"Swimming"
"climbing",328,"Climbing"
"backstabbing",329,"Backstabbing"
"dodging",330,"Dodging"
"running",331,"Running"
"destruction",332,"Destruction"
"restoration",333,"Restoration"
"illusion",334,"Illusion"
"alteration",335,"Alteration"
"thaumaturgy",336,"Thaumaturgy"
"mysticism",337,"Mysticism"
"archery",338,"Archery"
"criticalStrike",340,"Critical Strike"
"strength",341,"Strength"
"intelligence",342,"Intelligence"
"willpower",343,"Willpower"
"agility",344,"Agility"
"endurance",345,"Endurance"
"personality",346,"Personality"
"speed",347,"Speed"
"luck",348,"Luck"
"STR",349,"STR"
"INT",350,"INT"
"WIL",351,"WIL"
"AGI",352,"AGI"
"END",353,"END"
"PER",354,"PER"
"SPD",355,"SPD"
"LUC",356,"LUC"
"breton",357,"Breton"
"redguard",358,"Redguard"
"darkElf",359,"Dark Elf"
"highElf",360,"High Elf"
"woodElf",361,"Wood Elf"
"khajiit",362,"Khajiit"
"argonian",363,"Argonian"
"vampire",364,"Vampire"
"werewolf",365,"Werewolf"
"wereboar",366,"Wereboar"
"vraseth",367,"Vraseth"
"haarvenu",368,"Haarvenu"
"thrafey",369,"Thrafey"
"lyrezi",370,"Lyrezi"
"montalion",371,"Montalion"
"khulari",372,"Khulari"
"garlythi",373,"Garlythi"
"anthotis",374,"Anthotis"
"selenu",375,"Selenu"
"lockedExteriorDoor",376,"Locked."
"canOnlyCastOncePerDay",377,"Can only be cast once per day..."
"youNeedToHuntTheInnocent",378,"You feel the need to hunt the innocent..."
"youDreamOfTheMoon",379,"You dream, once again, of the moon..."
"inventoryWhileShapechanged",380,"You cannot access the inventory while shapechanged..."
"youGetNoResponse",381,"You get no response."
"copyLogbookInfo",382,"Left-click: toggle copy of selected text. Right-click: copy whole current conversation."
"east",383,"east"
"northeast",384,"northeast"
"north",385,"north"
"northwest",386,"northwest"
"west",387,"west"
"southwest",388,"southwest"
"south",389,"south"
"southeast",390,"southeast"
"thisPlace",391,"this place"
"AnyNews",392,"Any news?"
"WhereAmI",393,"Where am I?"
"AnswerTextWhereAmI",394,"You are in {0} in {1}."
"YouAreInSameBuilding",395,"You have found {0}. You are in it."
"NpcInSameBuilding",396,"{0} is around here in {1}."
"PreviousList",397,"Previous List"
"General",398,"General"
"Regional",400,"Regional"
"Alchemists",401,"Alchemists"
"Armorers",402,"Armorers"
"Banks",403,"Banks"
"Bookstores",404,"Bookstores"
"Clothingstores",405,"Clothing stores"
"Gemstores",406,"Gem stores"
"Generalstores",407,"General stores"
"Guilds",408,"Guilds"
"Libraries",409,"Libraries"
"Pawnshops",410,"Pawn shops"
"Taverns",411,"Taverns"
"Weaponsmiths",412,"Weapon smiths"
"Localtemples",413,"Local temples"
"Sir",414,"Sir"
"Ma'am",415,"Ma'am"
"oldLeaderFate0",416,"died of heart failure"
"oldLeaderFate1",417,"fell and struck his head"
"oldLeaderFate2",418,"died of the plague"
"oldLeaderFate3",419,"stepped down under pressure"
"oldLeaderFate4",420,"was overthrown"
"oldLeaderFate5",421,"was found murdered in his bed"
"toBeReplacedStringRegional",422,"Any"
"replacementStringRegional",423,"any"
"comma",424,",  "
"resolvingError",425,"...never mind..."
"chameleon",426,"Chameleon"
"charm",427,"Charm"
"comprehendLanguages",428,"Comprehend Languages"
"continuousDamage",429,"Continuous Damage"
"createItem",430,"Create Item"
"cure",431,"Cure"
"detect",432,"Detect"
"disintegrate",433,"Disintegrate"
"dispel",434,"Dispel"
"drain",435,"Drain"
"elementalResistance",436,"Elemental Resistance"
"fortifyAttribute",437,"Fortify Attribute"
"freeAction",438,"Free Action"
"heal",439,"Heal"
"identify",440,"Identify"
"invisibility",441,"Invisibility"
"levitate",442,"Levitate"
"light",443,"Light"
"lock",444,"Lock"
"morphSelf",445,"Morph Self"
"open",446,"Open"
"pacify",447,"Pacify"
"paralyze",448,"Paralyze"
"regenerate",449,"Regenerate"
"shadow",450,"Shadow"
"shield",451,"Shield"
"silence",452,"Silence"
"slowfall",453,"Slowfall"
"soulTrap",454,"Soul Trap"
"spellReflection",455,"Spell Reflection"
"spellResistance",456,"Spell Resistance"
"teleport",457,"Teleport"
"transfer",458,"Transfer"
"waterBreathing",459,"Water Breathing"
"waterWalking",460,"Water Walking"
"fire",461,"Fire"
"frost",462,"Frost"
"magicka",463,"Magicka"
"poison",464,"Poison"
"shock",465,"Shock"
"enemy",466,"Enemy"
"magic",467,"Magic"
"treasure",468,"Treasure"
"fatigue",469,"Fatigue"
"health",470,"Health"
"spellPoints",471,"Spell Points"
"disease",472,"Disease"
"paralyzation",473,"Paralyzation"
"animal",474,"Animal"
"normal",475,"Normal"
"true",476,"True"
"noName",477,"<no-name>"
"youDontHaveTheSpellPoints",478,"You don't have the spell points."
"youAreSilenced",479,"You are silenced."
"youAreParalyzed",480,"You are paralyzed."
"youFeelDrained",481,"You feel drained."
"youAreFortified",482,"You are fortified."
"youAreInvisible",483,"You are invisible."
"youAreLevitating",484,"You are levitating."
"youAreRegenerating",485,"You are regenerating."
"youAreBlending",486,"You are blending."
"youAreAShade",487,"You are a shade."
"slowFallActive",488,"Slow fall active."
"saveVersusSpellMade",489,"Save versus spell made."
"spellEffectFailed",490,"Spell effect failed."
"spellAbsorbed",491,"Spell was absorbed."
"spellReflected",492,"Spell was reflected."
"spellResisted",493,"Spell was resisted."
"readyToLock",494,"Ready to lock."
"readyToOpen",495,"Ready to open."
"doorLocked",496,"Door is now locked."
"doorAlreadyLocked",497,"Door already locked."
"openFailed",498,"Lock is too powerful."
"noSpellbook",499,"You have no spellbook!"
"sunlightDamageFastTravelDay",500,"You cannot initiate fast travel during the day."
"trapActive",501,"Trap active."
"trapHumanoid",502,"Trap will not work on humanoids."
"trapSuccess",503,"Trapped soul."
"trapFail",504,"Trap failed."
"trapNoneEmpty",505,"You have no empty soul traps!"
"stamina",506,"Stamina"
"orcStrength",507,"Orc Strength"
"healing",508,"Healing"
"restorePower",509,"Restore Power"
"resistFire",510,"Resist Fire"
"resistFrost",511,"Resist Frost"
"resistShock",512,"Resist Shock"
"cureDisease",513,"Cure Disease"
"slowFalling",514,"Slow Falling"
"healTrue",515,"Heal True"
"levitation",516,"Levitation"
"resistPoison",517,"Resist Poison"
"curePoison",518,"Cure Poison"
"chameleonForm",519,"Chameleon Form"
"shadowForm",520,"Shadow Form"
"purification",521,"Purification"
"LeatherCuirass",522,"Leather Cuirass"
"LeatherGauntlets",523,"Leather Gauntlets"
"LeatherGreaves",524,"Leather Greaves"
"LeatherLeftPauldron",525,"Leather Left Pauldron"
"LeatherRightPauldron",526,"Leather Right Pauldron"
"LeatherHelm",527,"Leather Helm"
"LeatherBoots",528,"Leather Boots"
"ChainCuirass",529,"Chain Cuirass"
"ChainGauntlets",530,"Chain Gauntlets"
"ChainGreaves",531,"Chain Greaves"
"ChainLeftPauldron",532,"Chain Left Pauldron"
"ChainRightPauldron",533,"Chain Right Pauldron"
"ChainHelm",534,"Chain Helm"
"ChainBoots",535,"Chain Boots"
"SteelCuirass",536,"Steel Cuirass"
"SteelGauntlets",537,"Steel Gauntlets"
"SteelGreaves",538,"Steel Greaves"
"SteelLeftPauldron",539,"Steel Left Pauldron"
"SteelRightPauldron",540,"Steel Right Pauldron"
"SteelHelm",541,"Steel Helm"
"SteelBoots",542,"Steel Boots"
"SteelBuckler",543,"Steel Buckler"
"SteelDagger",544,"Steel Dagger"
"SteelLongsword",545,"Steel Longsword"
"SteelStaff",546,"Steel Staff"
"ShortBow",547,"Short Bow"
"Arrows",548,"Arrows"
"SteelBattleAxe",549,"Steel Battle Axe"
"Robes",550,"Robes"
"CastWhenUsed",551,"Cast when used:"
"CastWhenHeld",552,"Cast when held:"
"CastWhenStrikes",553,"Cast when strikes:"
"ExtraSpellPts",554,"Extra spell pts"
"PotentVs",555,"Potent vs"
"RegensHealth",556,"Regens health"
"VampiricEffect",557,"Vampiric effect"
"IncreasedWeightAllowance",558,"Increased Weight Allowance"
"RepairsObjects",559,"Repairs objects"
"AbsorbsSpells",560,"Absorbs spells"
"EnhancesSkill",561,"Enhances skill"
"FeatherWeight",562,"Feather Weight"
"StrengthensArmor",563,"Strengthens armor"
"ImprovesTalents",564,"Improves talents"
"GoodRepWith",565,"Good rep with"
"SoulBound",566,"Soul bound"
"ItemDeteriorates",567,"Item deteriorates"
"UserTakesDamage",568,"User takes damage"
"VisionProblems",569,"Vision problems"
"WalkingProblems",570,"Walking problems"
"LowDamageVs",571,"Low damage vs"
"HealthLeech",572,"Health leech"
"BadReactionsFrom",573,"Bad reactions from"
"ExtraWeight",574,"Extra weight"
"WeakensArmor",575,"Weakens armor"
"BadRepWith",576,"Bad rep with"
"inHolyPlaces",577,"in holy places"
"wheneverUsed",578,"whenever used"
"unlessUsedDaily",579,"unless used daily"
"unlessUsedWeekly",580,"unless used weekly"
"fromHumanoids",581,"from humanoids"
"fromAnimals",582,"from animals"
"fromDaedra",583,"from Daedra"
"duringWinter",584,"during Winter"
"duringSpring",585,"during Spring"
"duringSummer",586,"during Summer"
"duringFall",587,"during Fall"
"duringFullMoon",588,"during Full Moon"
"duringHalfMoon",589,"during Half Moon"
"duringNewMoon",590,"during New Moon"
"nearUndead",591,"near undead"
"nearDaedra",592,"near deadra"
"nearHumanoids",593,"near humanoids"
"nearAnimals",594,"near animals"
"undeadLower",595,"undead"
"humanoidLower",596,"humanoid"
"animalsLower",597,"animals"
"animalsUpper",598,"Animals"
"allTheTime",599,"all the time"
"inSunlight",600,"in sunlight"
"inDarknessLower",601,"in darkness"
"atRange",602,"at range"
"whenStrikes",603,"when strikes"
"add25Percent",604,"25% additional"
"add50Percent",605,"50% additional"
"hearing",606,"hearing"
"athleticismLower",607,"athleticism"
"adrenalineRushLower",608,"adrenaline rush"
"commoners",609,"Commoners"
"merchants",610,"Merchants"
"scholars",611,"Scholars"
"nobility",612,"Nobility"
"underworld",613,"Underworld"
"all",614,"All"
"noRoomInItem",615,"No room in item..."
"noEnchantments",616,"You have not prepared enchantments for this item."
"noMonstersNearby",617,"There are no monsters nearby."
"Fire",618,"Fire"
"Frost",619,"Frost"
"Poison",620,"Poison"
"Shock",621,"Shock"
"Magicka",622,"Magicka"
"Animal",623,"Animal"
"Undead",624,"Undead"
"Humanoid",625,"Humanoid"
"Daedra",626,"Daedra"
"dialogButtonInfo",627,"Switch between: Active Quests; Finished Quests; Notebook; Messages"
"activeQuests",628,"Active Quests"
"activeQuestsInfo",629,"Click on an active quest that has a target location to initiate travel."
"finishedQuests",630,"Finished Quests"
"finishedQuestsInfo",631,"Click on an entry to move it. Right click to delete."
"notebook",632,"Notebook"
"notebookInfo",633,"Click a note to move. Right click to delete. Click in-between to add a new note."
"messages",634,"Messages"
"messagesInfo",635,"History of messages recently shown on screen"
"confirmMoveHead",636,"Move entry"
"confirmMove",637,"Do you want to change the position of this entry?"
"confirmMove2",638,"(It will be moved to before the next entry clicked)"
"confirmRemoveHead",639,"Delete entry"
"confirmRemove",640,"Are you sure you want to remove this entry?"
"confirmRemove2",641,"(It will be deleted permanently and cannot be restored)"
"confirmFindHead",642,"Travel to location"
"confirmFind",643,"Do you want to open the world map to travel to:"
"confirmFind2",644,"(Note: you can cancel travel from the world map)"
"enterNote",645,"Enter your note:"
"completedQuest",646,"completed"
"endedQuest",647,"ended"
"finishQuestHeader",648,"{0} {1} at {2}:"
"quest",649,"Quest"
"noteHeader",650,"{0} in {1}:"
"houseDeed",651,"You obtained the deeds and now own a house in %town of %region."
"levelProgress",652,"Progress made to the next level: {0}%"
"readMap",653,"Discovered the location of %map after studying a map."
"readMapTG",654,"The Thieves Guild have revealed the closely guarded where-abouts of a treasure trove called %map."
"readMapDB",655,"The Dark Brotherhood revealed the secret of some treasure-laden crypts located at somewhere called %map."
"readMapFail",656,"You have already discovered the location shown by this map."
"howManyItems",657,"Pick how many items (max {0})?"
"wagonFullGold",658,"Your wagon could only hold {0} gold pieces."
"itemsIdentified",659,"Items identified."
"repairDone",660,"DONE"
"repairDays",661,"%d days"
"interruptRepair",662,"Take back that item before it's repaired?"
"repairNote",663,"Left my {0} for repair at {1}."
"doesntNeedIdentify",664,"This does not need to be identified."
"goldAmount",665,"{0} gold pieces"
"goldWeight",666,"Weight: {0} kg"
"letterOfCredit",667,"You are paid with a letter of credit."
"stealSuccess",668,"You are successful."
"stealFailure",669,"You are not successful..."
"cannotRemoveItem",670,"You cannot remove this item."
"cannotCarryAnymore",671,"You cannot carry anymore stuff."
"cannotHoldAnymore",672,"Your cart cannot hold anymore stuff."
"cannotUseThis",673,"You cannot use this."
"equippingWeapon",674,"Equipping %s"
"lightDouse",675,"You douse the %it."
"lightLight",676,"You light the %it."
"lightDies",677,"Your %it flickers and dies."
"lightEmpty",678,"Your %it has no fuel left."
"lightRefuel",679,"You refuel your %it with a bottle of oil."
"lightFull",680,"Your %it is full."
"kgSrc",681,"kilograms"
"kgRep",682,"kg"
"damSrc",683,"points of damage"
"damRep",684,"damage"
"arSrc",685,"armor rating"
"arRep",686,"armor"
"northern",687,"(northern)"
"southern",688,"(southern)"
"noWagon",689,"You don't own a wagon."
"exitTooFar",690,"The exit is too far away for you to access your wagon."
"bookUnavailable",691,"The book is ruined and is now unreadable."
"unknownAuthor",692,"unknown author"
"cannotDeleteVamp",693,"Cannot delete special vampire spells."
"cannotDeleteWere",694,"Cannot delete special lycanthropy spell."
"noRecipes",695,"You have no recipes."
"potionMixed",696,"Your potion has been mixed."
"potionFailed",697,"Those ingredients did not concoct an effective potion."
"reqIngredients",698,"You do not have the ingredients required."
"region",699,"Region"
"account",700,"Account"
"loan",701,"Loan"
"dueDate",702,"Loan Due Date"
"noAccount",703,"None"
"loanReminder",704,"You have a loan of {0} gold pieces due in"
"loanReminder2",705,"less than {0} months in {1}"
"classicIcons",706,"Classic"
"suggestedIcons",707,"Suggested"
"serviceMembersOnly",708,"My services are reserved for members only."
"serviceDonateHowMuch",709,"Donate how much money : "
"curedDisease",710,"You are cured."
"freeHolidayCuring",711,"You are cured free from cost due to todays' holiday."
"gettingQuests1",712,"Hmm, let me see what tasks we have available."
"gettingQuests2",713,"Please have patience and wait here a moment, %pcf."
"illegalRestWarning",714,"It is illegal to camp in or near a city. Continue?"
"cannotLoiterMoreThanXHours1",715,"You cannot loiter more"
"cannotLoiterMoreThanXHours2",716,"than {0} hours at a time."
"automapToolTipTextGridButton",717,"left click: switch between 2D top view and 3D view (hotkey: {0})\rright click: reset rot. axis to player pos (hotkey: {1})\rmouse wheel up while over btn: inc. perspective (only 3D mode)\rmouse wheel down while over btn: dec. perspective (only 3D mode)"
"automapToolTipForwardButton",718,"left click: move viewpoint forward (hotkey: {0})\rright click: move rotation axis forward (hotkey: {1})"
"automapToolTipBackwardButton",719,"left click: move viewpoint backwards (hotkey: {0})\rright click: move rotation axis backwards (hotkey: {1})"
"automapToolTipLeftButton",720,"left click: move viewpoint to the left (hotkey: {0})\rright click: move rotation axis to the left (hotkey: {1})"
"automapToolTipRightButton",721,"left click: move viewpoint to the right (hotkey: {0})\rright click: move rotation axis to the right (hotkey: {1})"
"automapToolTipRotateLeftButton",722,"left click: rotate dungeon to the left (hotkey: {0})\rright click: rotate camera to the left (hotkey: {1})"
"automapToolTipRotateRightButton",723,"left click: rotate dungeon to the right (hotkey: {0})\rright click: rotate camera to the right (hotkey: {1})"
"automapToolTipUpstairsButton",724,"left click: increase viewpoint (hotkey: {0})\rright click: increase slice level (hotkey: {1})\rslice level can also be adjusted by holding down middle mouse btn\r\rhint: different render modes may show hidden geometry:\rhotkey {2}: cutout mode\rhotkey {3}: wireframe mode\rhotkey {4}: transparent mode\rswitch between modes with return key\r"
"automapToolTipDownstairsButton",725,"left click: decrease viewpoint (hotkey: {0})\rright click: decrease slice level (hotkey: {1})\rslice level can also be adjusted by holding down middle mouse btn\r\rhint: different render modes may show hidden geometry:\rhotkey {2}: cutout mode\rhotkey {3}: wireframe mode\rhotkey {4}: transparent mode\rswitch between modes with return key\r"
"automapToolTipPanelCompass",726,"left click: toggle focus (hotkey: {0})\rbeacons: red ... player, green ... entrance, blue ... rotation axis\r\rright click: reset view (hotkey: {1})\r\rdouble-click left mouse btn in window to create+edit marker note\rdouble-click left mouse btn (+Ctrl key) in window to create marker\rdouble-click left mouse btn on a marker to add/edit a note\rdouble-click right mouse btn on a marker to delete it\rdouble-click right mouse btn in window to position rotation axis\rdouble-click middle mouse btn in window to center view\rdouble-click left mouse btn on discovered portal marker to jump\rto connected teleporter portal"
"automapPlayerPositionBeacon",727,"player position beacon"
"automapRotationPivotAxis",728,"rotation pivot axis"
"automapEntranceExitPositionBeacon",729,"entrance/exit position beacon"
"automapEntranceExit",730,"entrance/exit"
"automapPlayerMarker",731,"player marker"
"automapTeleporterEntrance",732,"teleporter (entrance)"
"automapTeleporterExit",733,"teleporter (exit)"
"exteriorAutomapBuildingTypeAlchemist",734,"Alchemist"
"exteriorAutomapBuildingTypeArmorer",735,"Armorer"
"exteriorAutomapBuildingTypeBank",736,"Bank"
"exteriorAutomapBuildingTypeBookseller",737,"Bookseller"
"exteriorAutomapBuildingTypeClothingStore",738,"Clothing Store"
"exteriorAutomapBuildingTypeFurnitureStore",739,"Furniture Store"
"exteriorAutomapBuildingTypeGemStore",740,"Gem Store"
"exteriorAutomapBuildingTypeGeneralStore",741,"General Store"
"exteriorAutomapBuildingTypeGuildHall",742,"Guild Hall"
"exteriorAutomapBuildingTypeHouseForSale",743,"HouseForSale"
"exteriorAutomapBuildingTypeLibrary",744,"Library"
"exteriorAutomapBuildingTypePalace",745,"Palace"
"exteriorAutomapBuildingTypePawnShop",746,"Pawn Shop"
"exteriorAutomapBuildingTypeTavern",747,"Tavern"
"exteriorAutomapBuildingTypeTemple",748,"Temple"
"exteriorAutomapBuildingTypeWeaponSmith",749,"Weapon Smith"
"exteriorAutomapBuildingTypeUnknown",750,"Unknown"
"exteriorAutomapToolTipTextGridButton",751,"left click: switch to next view mode (hotkey: {0})\ravailable view modes are:\r- original (hotkey {1})\r- extra: includes extra buildings (hotkey {2})\r- all: includes extra buildings, ground flats (hotkey {3})\rswitch background texture with {4}, {5}, {6}, {7}"
"exteriorAutomapToolTipForwardButton",752,"left click: move up (hotkey: {0})\rright click: move to north location border (hotkey: {1})"
"exteriorAutomapToolTipBackwardButton",753,"left click: move down (hotkey: {0})\rright click: move to south location border (hotkey: {1})"
"exteriorAutomapToolTipLeftButton",754,"left click: move to the left (hotkey: {0})\rright click: move to west location border (hotkey: {1})"
"exteriorAutomapToolTipRightButton",755,"left click: move to the right (hotkey: {0})\rright click: move to east location border (hotkey: {1})"
"exteriorAutomapToolTipRotateLeftButton",756,"left click: rotate map to the left (hotkey: {0})\rright click: rotate map around the player position\rto the left  (hotkey: {1})"
"exteriorAutomapToolTipRotateRightButton",757,"left click: rotate map to the right (hotkey: {0})\rright click: rotate map around the player position\rto the right (hotkey: {1})"
"exteriorAutomapToolTipUpstairsButton",758,"left click: zoom in (hotkey: {0})\rright click: apply maximum zoom)"
"exteriorAutomapToolTipDownstairsButton",759,"left click: zoom out (hotkey: {0}\rright click: apply minimum zoom)"
"exteriorAutomapToolTipPanelCompass",760,"left click: focus player position (hotkey: {0})\rright click: reset view (hotkey: {1})"
"loading",761,"Please wait..."
"classicSave",762,"Classic"
"cancel",763,"Cancel"
"renameSave",764,"Rename"
"deleteSave",765,"Delete"
"switchChar",766,"Switch Char"
"savePrompt",767,"Save Game"
"loadPrompt",768,"Load Game"
"saveButton",769,"Save"
"loadButton",770,"Load"
"enterSaveName",771,"Enter save name"
"selectSaveName",772,"Select a save"
"confirmDeleteSave",773,"Are you sure you want to delete save?"
"confirmOverwriteSave",774,"Overwrite this save?"
"youMustEnterASaveName",775,"You must enter a save name."
"youMustSelectASaveName",776,"You must select a save name."
"noSavesFound",777,"No saves found. Load a Classic save?"
"cannotSaveNow",778,"You cannot save now."
"addEffect",779,"Add effect"
"buySpell",780,"Buy spell"
"newSpell",781,"New spell"
"exit",782,"Exit"
"casterOnly",783,"Caster only"
"byTouch",784,"By touch"
"singleTargetAtRange",785,"Single target at range"
"areaAroundCaster",786,"Area around caster"
"areaAtRange",787,"Area at range"
"fireBased",788,"Fire based"
"coldBased",789,"Cold based"
"poisonBased",790,"Poison based"
"shockBased",791,"Shock based"
"magicBased",792,"Magic based"
"selectIcon",793,"Select icon"
"nextIcon",794,"Next icon"
"previousIcon",795,"Previous icon"
"nameSpell",796,"Name spell"
"enterSpellName",797,"Enter spell name :"
"noEffectsError",798,"You must add at least one effect to this spell."
"deleteSpell",799,"Do you want to delete this spell?"
"sortSpells",800,"Do you want to sort spells?"
"effectNotFoundError",801,"<effect not found>"
"noItemToActivate",802,"You have no usable magic item"
"Akatosh",803,"Akatosh"
"Arkay",804,"Arkay"
"Dibella",805,"Dibella"
"Julianos",806,"Julianos"
"Kynareth",807,"Kynareth"
"Mara",808,"Mara"
"Stendarr",809,"Stendarr"
"Zenithar",810,"Zenithar"
"removeKeybind",811,"Are you sure you want to remove the keybind for {0} ('{1}')?"
"nord",812,"Nord"
"settingsNotApplied",813,"Note: Some changes may not be applied until you restart the game."
"doneButton",814,"Done"
"temple",29516644352,"temple"
"unknownPowers",9244149909045248,"Unknown Powers"
"cannotBeRepaired",81196844510765056,"This cannot be repaired."
"youNeverAwaken",89174439800094720,"You never awaken."
"modSettings",139512620797673472,"Mod Settings"
"gameEffectsSettings",139512661704720384,"Effect Settings"
"antialiasing",139539947254464512,"Antialiasing"
"ambientOcclusion",139539989004566528,"Ambient Occlusion"
"bloom",139540048576266240,"Bloom"
"motionBlur",139540070931906560,"Motion Blur"
"vignette",139540118281404416,"Vignette"
"depthOfField",139540168873099264,"Depth of Field"
"antialiasingTip",139568836047552512,"Give a smoother appearance"
"enable",139890483510132736,"Enable"
"fxaa",139890710237429760,"FXAA"
"smaa",139890732182028288,"SMAA"
"taa",139890774120873984,"TAA"
"none",139890887878787072,"None"
"method",139891519062818816,"Method"
"fxaaFastMode",139891615737331712,"FXAA Fast Mode"
"low",139891777205452800,"Low"
"medium",139891795018661888,"Medium"
"high",139891818804559872,"High"
"smaaQuality",139891956226736128,"SMAA Quality"
"taaSharpness",139891991572135936,"TAA Sharpness"
"disabled",139920121422692352,"Disabled"
"setPageDefaults",139937463741464576,"Set Page Defaults"
"ambientOcclusionTip",140047128634605568,"Darkens creases and holes"
"scalableAmbientObscurance",140247721135325184,"Scalable Ambient Obscurance"
"multiScaleVolumetricObscurance",140247780572807168,"Multi Scale Volumetric Obscurance"
"scalableAmbient",140248694163521536,"Scalable Ambient"
"multiScaleVolumetric",140248777965715456,"MultiScale Volumetric"
"intensity",140250765390528512,"Intensity"
"lowest",140251827304415232,"Lowest"
"ultra",140251894765600768,"Ultra"
"radius",140252674658680832,"Radius"
"quality",140252700298461184,"Quality"
"thickness",140260082650988544,"Thickness"
"bloomTip",143983971784736768,"Make bright areas glow"
"threshold",143984810309992448,"Threshold"
"diffusion",143985154641379328,"Diffusion"
"bloomFastMode",143985842813419520,"Bloom fast mode"
"motionBlurTip",145710830377517056,"Simulates objects moving faster than camera exposure"
"shutterAngle",145711252039286784,"Shutter Angle"
"sampleCount",145711321710870528,"Sample Count"
"vignetteTip",145743292109438976,"Darken towards the edges of screen"
"smoothness",145743678983651328,"Smoothness"
"roundness",145749012594835456,"Roundness"
"rounded",145749042349228032,"Rounded"
"depthOfFieldTip",146429451995201536,"Simulates focus of camera lens"
"focusDistance",146429565677617152,"Focus Distance"
"aperture",146430048924352512,"Aperture"
"focalLength",146430097972543488,"Focal Length"
"maxBlurSize",146430149025611776,"Max Blur Size"
"small",146430471823441920,"Small"
"large",146430498352414720,"Large"
"veryLarge",146430568518926336,"Very Large"
"ditherTip",146440148502200320,"Apply noise to reduce large-scale patterns like color banding"
"dither",146441159413350400,"Dither"
"colorBoost",149035488581533696,"ColorBoost"
"colorBoostTip",149035515697709056,"Brightens colors near camera"
"dungeonScale",149306996474265600,"Dungeon Scale"
"interiorScale",149307017856827392,"Interior Scale"
"exteriorScale",149307053571325952,"Exterior Scale"
"dungeonFalloff",149691213657948160,"Dungeon Falloff"
"retroMode",151165478580273152,"Retro Mode"
"retroModeTip",151165508007510016,"Renders world at lower resolutions"
"mode",151176764189851648,"Mode"
"retroModeOff",151176803574366208,"Off"
"retroMode320x200",151176822322905088,"320x200"
"retroMode640x400",151176851188105216,"640x400"
"off",151241473442201600,"Off"
"posterizationFull",151241511664893952,"Posterization (full)"
"posterizationMinusSky",151241573350522880,"Posterization (-sky)"
"palettizationFull",151241624562974720,"Palettization (full)"
"palettizationMinusSky",151241696348487680,"Palettization (-sky)"
"postProcess",151241760991100928,"Postprocess"
"retroModeAspectCorrection",151842471546208256,"Aspect Ratio Correction"
"FourThree",152696194707243008,"4:3"
"SixteenTen",152696235748507648,"16:10"
"notEnoughSpellpointsLeft",213117009860509696,"You do not have enough spell points left."
"totalIdentified",213117165859258368,"{0} out of {1} identified."
"dispelMagicSuccess",231219528834760704,"Dispel magic was a success..."
"dispelMagicFailed",231219571734102016,"Dispel magic failed..."
"smallerDungeonsChanged",231237822383931392,"Smaller dungeons changed while inside dungeon. Moving player to dungeon exit."
"youNote",263503556027629568,"You note: "
"customName",264997637513822208,"Custom name: "
"StoresA",285674837707603968,"%ef's
%cn's Best
The Essential
Lord %ef's
The Adventurer's
The Odd
%ef's Finest
Bargain
Vintage
The Emperor's
%cn
%ef's General
The Superior
%ef's Quality
First Class
The %rt's
The Champion
Doctor %ef's
Lady %ef's"
"GeneralStoresB",285674968234344448,"Supplies
Supply Store
Gear
Gear Store
Equipment
Equipment Store
Sundries
Provisions
Merchandise
General Store
Retail Store
Trading Post
Market
Wares
Warehouse"
"WeaponStoresB",285675018800873472,"Weapons
Weaponry
Arms
Armaments
Arsenal
Armsmaker
Blades
Blacksmith
Metalsmith
Weaponsmith"
"ArmorStoresB",285675106491187200,"Armory
Mail
Shielding
Armor
Shields
Aegis
Metalworks
Blacksmith
Metalsmith
Armorer
Smith
Smithy"
"BookStoresB",285675156646674432,"Books
Bookstore
Bookshop
Book Dealer
Book Center
Bookseller
Bookstall
Incunabula"
"LibraryStoresB",285675205288017920,"Library
Bookroom
Athenaeum
Public Library
Historians
Bookroom
Seminary
Lyceum"
"ClothingStoresB",285675243338743808,"Clothing
Clothes
Garments
Apparel
Costumes
Vestments
Attire
Fashion
Tailoring
Outfits
Finery"
"AlchemyStoresB",285675323382841344,"Herbs
Potherbs
Spices
Remedies
Antidotes
Physics
Medicines
Potions
Tinctures
Medicaments
Elixirs
Pharmacy
Apothecary
Unguents
Medicinal Agents
Herb Garden
Pharmaceuticals
Chemistry
Chemicals
Experiental Products
Alchemistry
Alchemical Solutions
Metallurgy"
"GemStoresB",285675361865580544,"Gems
Gemstones
Jewelry
Jewels
Precious Stones
Bijoutry
Jewelers
Jewel Box
Jewelry Shop
Gemcutter"
"PawnStoresB",285675433093251072,"Pawnshop
Pawnbrokers
Used Supplies
Used Gear
Used Equipment
Used Merchandise
Hockshop
Antiquities"
"FurnitureStoresB",285675465657827328,"Furniture
Furnishings
Interior Design
Furniture Shop
Decor
Carpentry
Woodworking
Crafts
Woodwork"
"LivestockStoresB",285675519206506496,"Livestock
Breeders
Farm Animals
Beasts
Creatures
Game
Animalia
Fauna
Menagerie"
"TavernsA",285675582083317760,"The Queen's
The King's
The Dirty
The Black
The Mole and
The Green
The Red
The Gold
The White
The Silver
The Crimson
The Flying
The Dancing
The Laughing
The Restless
The Thirsty
The Unfortunate
The Lucky
The Devil's
The Rusty
The Howling
The Screaming
The Bat and
The Lion and
The Lynx and
The Dwarf and
The Beaver and
The Fox and
The Mouse and
The Pig and
The Feather and
The Toad and
The Rat and
The Savage
The Knave and
The Dead"
"TavernsB",285675625704079360,"Chasm
Mug
Pit
Cat
Dog
Goblin
Griffin
Dragon
Ogre
Giant
Djinn
Wolf
Huntsman
Dagger
Skull
Sword
Guard
Dungeon
Helm
Castle
Jug
Bird
Gnome
Hedgehog
Muskrat
Woodchuck
Scorpion
Badger
Goat
Porcupine
Priest
Fawn
Stag
Barbarian
Rascal
Fairy"
"houseForSale",285678855704035328,"House for sale"
"theBankOf",285679031546036224,"The Bank of"
"daggerfall",285679698457149440,"Daggerfall"
"wayrest",285679716257775616,"Wayrest"
"sentinel",285679764228030464,"Sentinel"
"palace",285680166927351808,"Palace"
"regionNames",286284881981620224,"Alik'r Desert
Dragontail Mountains
Glenpoint Foothills
Daggerfall Bluffs
Yeorth Burrowland
Dwynnen
Ravennian Forest
Devilrock
Malekna Forest
Isle of Balfiera
Bantha
Dak'fron
Islands in the Western Iliac Bay
Tamarilyn Point
Lainlyn Cliffs
Bjoulsae River
Wrothgarian Mountains
Daggerfall
Glenpoint
Betony
Sentinel
Anticlere
Lainlyn
Wayrest
Gen Tem High Rock village
Gen Rai Hammerfell village
Orsinium Area
Skeffington Wood
Hammerfell bay coast
Hammerfell sea coast
High Rock bay coast
High Rock sea coast
Northmoor
Menevia
Alcaire
Koegria
Bhoriane
Kambria
Phrygias
Urvaius
Ykalon
Daenia
Shalgora
Abibon-Gora
Kairou
Pothago
Myrkwasa
Ayasofya
Tigonus
Kozanset
Satakalaam
Totambu
Mournoth
Ephesus
Santaki
Antiphyllos
Bergama
Gavaudon
Tulune
Glenumbra Moors
Ilessan Hills
Cybiades"
"ocean",286315014360678400,"Ocean"
"unknownUpper",286315235807346688,"Unknown"
"switchToRegion",286316113792614400,"Switch To: {0} Region"
"locationInRegionProvince",287414938670219264,"{0} in {1} province"
"dayNames",318179644662083584,"Sundas
Morndas
Tirdas
Middas
Turdas
Fredas
Loredas"
"monthNames",318180613974126592,"Morning Star
Sun's Dawn
First Seed
Rain's Hand
Second Seed
Midyear
Sun's Height
Last Seed
Hearthfire
Frostfall
Sun's Dusk
Evening Star"
"birthSignNames",318180665765392384,"The Ritual
The Lover
The Lord
The Mage
The Shadow
The Steed
The Apprentice
The Warrior
The Lady
The Tower
The Atronach
The Thief"
"seasonNames",318180720735940608,"Fall
Spring
Summer
Winter"
"longDateTimeFormatString",318183911657566208,"{0:00}:{1:00}:{2:00} on {3}, {4}{5} of {6:00}, 3E{7}"
"dateTimeFormatString",318184342387421184,"{0:00}:{1:00}:{2:00} on {3}{4} of {5:00}, 3E{6}"
"dateFormatString",318184563599208448,"{0} the {1}{2} of {3:00}"
"ingredientFormatString",338866630561361920,"{0} {1}"
"longWeaponNameFormatString",338866679752159232,"{0} {1}"
"longArmorNameFormatString",338879523965104128,"{0} {1}"
"strRatings",340024905667440640,"pathetic
frail
weak
below average
about average
fairly strong
athletic
very strong
powerful
superhuman"
"intRatings",340024972407205888,"vegetable-like
idiotic
half-witted
dim
about average
cunning
fairly clever
very intelligent
brilliant
genius"
"wilRatings",340025019786063872,"inane
submissive
passive
distracted
unassertive
stable
confident
strong-willed
very focused
enlightened"
"agiRatings",340025063192915968,"oafish
bumbling
clumsy
awkward
about average
spry
nimble
dexterous
very agile
acrobatic"
"endRatings",340025139755741184,"sickly
pitiable
unsteady
erratic
about average
above average
very healthy
hardy
titanic
immortal"
"perRatings",340025171456290816,"abhorrent
unpopular
anonymous
unassuming
unremarkable
interesting
charming
arresting
authoritative
charismatic"
"spdRatings",340025210190688256,"inactive
sluggish
very slow
slow
about average
above average
fast
fleet-footed
lightning-fast
meteoric"
"lucRatings",340025245175377920,"cursed
hopeless
ill-favored
unfortunate
about average
fairly lucky
lucky
fortunate
very auspicious
divinely favored"
"Mage",366854425099628544,"Mage"
"Spellsword",366854452123529216,"Spellsword"
"Battlemage",366854481798230016,"Battlemage"
"Sorcerer",366854503575056384,"Sorcerer"
"Healer",366854514425720832,"Healer"
"Nightblade",366854533220397056,"Nightblade"
"Bard",366854552321257472,"Bard"
"Burglar",366854572416167936,"Burglar"
"Rogue",366854590254542848,"Rogue"
"Acrobat",366854607426023424,"Acrobat"
"Thief",366854627416076288,"Thief"
"Assassin",366854647510986752,"Assassin"
"Monk",366854667815612416,"Monk"
"Archer",366854684865458176,"Archer"
"Ranger",366854702443786240,"Ranger"
"Barbarian",366854719892090880,"Barbarian"
"Warrior",366854736480563200,"Warrior"
"Knight",366854751684915200,"Knight"
"Custom",366854768738955264,"Custom"
"darkBrotherhoodRanks",367490637908930560,"Apprentice
Journeyman
Operator
Slayer
Executioner
Punisher
Terminator
Assassin
Dark Brother
Master Assassin"
"fightersRanks",367490718334709760,"Apprentice
Journeyman
Swordsman
Protector
Defender
Warder
Guardian
Champion
Warrior
Master"
"knightlyOrderRanks",367490889273569280,"Aspirant
Squire
Gallant
Chevalier
Keeper
Knight Brother
Commander
Marshall
Seneschal
Paladin"
"magesRanks",367490959960174592,"Apprentice
Journeyman
Evoker
Conjurer
Magician
Enchanter
Warlock
Wizard
Master Wizard
Archmage"
"templeRanks",367490995796307968,"Novice
Initiate
Acolyte
Adept
Curate
Disciple
Brother
Diviner
Master
Patriarch"
"thievesRanks",367491041929457664,"Apprentice
Journeyman
Filcher
Crook
Robber
Bandit
Thief
Ringleader
Mastermind
Master Thief"
"darkSister",367491802209972224,"Dark Sister"
"nonMember",367492497524912128,"non-member"
"knightSister",367501174470340608,"Knight Sister"
"matriarch",367509890754146304,"Matriarch"
"sister",367509947737960448,"Sister"
"daedricSkill",384511549959041024,"Daedric"
"orcishSkill",384511601481871360,"Orcish"
"midDateTimeFormatString",384529964098646016,"{0:00}:{1:00}:{2:00} {3:00} {4:00} 3E{5}"